season,week,celebrity_name,fan_share_min,fan_share_max,fan_share_width,local_stability
3,1,Harry Hamlin,,,,
3,1,Vivica A. Fox,,,,
3,1,Monique Coleman,,,,
3,1,Joey Lawrence,,,,
3,1,Mario Lopez,,,,
3,1,Emmitt Smith,,,,
3,1,Shanna Moakler,,,,
3,1,Willa Ford,,,,
3,1,Sara Evans,,,,
3,1,Jerry Springer,,,,
3,1,Tucker Carlson,0.0,0.125,0.125,0.0018181818181818193
3,2,Harry Hamlin,,,,
3,2,Vivica A. Fox,,,,
3,2,Monique Coleman,,,,
3,2,Joey Lawrence,,,,
3,2,Mario Lopez,,,,
3,2,Emmitt Smith,,,,
3,2,Shanna Moakler,0.0,0.10400000000000001,0.10400000000000001,0.004821256038647346
3,2,Willa Ford,,,,
3,2,Sara Evans,,,,
3,2,Jerry Springer,,,,
3,3,Harry Hamlin,0.0,0.115,0.115,0.004999999999999996
3,3,Vivica A. Fox,,,,
3,3,Monique Coleman,,,,
3,3,Joey Lawrence,,,,
3,3,Mario Lopez,,,,
3,3,Emmitt Smith,,,,
3,3,Willa Ford,,,,
3,3,Sara Evans,,,,
3,3,Jerry Springer,,,,
3,4,Vivica A. Fox,0.0,0.128,0.128,0.0053571428571428615
3,4,Monique Coleman,,,,
3,4,Joey Lawrence,,,,
3,4,Mario Lopez,,,,
3,4,Emmitt Smith,,,,
3,4,Willa Ford,,,,
3,4,Sara Evans,,,,
3,4,Jerry Springer,,,,
3,5,Monique Coleman,0.14447513812154697,0.19447513812154696,0.04999999999999999,
3,5,Joey Lawrence,0.15552486187845305,0.20552486187845304,0.04999999999999999,
3,5,Mario Lopez,0.14447513812154697,0.19447513812154696,0.04999999999999999,
3,5,Emmitt Smith,0.14447513812154697,0.19447513812154696,0.04999999999999999,
3,5,Willa Ford,0.0,0.15000000000000002,0.15000000000000002,
3,5,Sara Evans,0.0,0.15000000000000002,0.15000000000000002,
3,5,Jerry Springer,0.1610497237569061,0.2110497237569061,0.04999999999999999,
3,7,Monique Coleman,,,,
3,7,Joey Lawrence,,,,
3,7,Mario Lopez,,,,
3,7,Emmitt Smith,,,,
3,7,Jerry Springer,0.0,0.229,0.229,0.008614814814814815
3,8,Monique Coleman,0.0,0.256,0.256,0.006999999999999975
3,8,Joey Lawrence,,,,
3,8,Mario Lopez,,,,
3,8,Emmitt Smith,,,,
3,9,Joey Lawrence,0.0,0.333,0.333,
3,9,Mario Lopez,,,,
3,9,Emmitt Smith,,,,
4,2,John Ratzenberger,,,,
4,2,Ian Ziering,,,,
4,2,Clyde Drexler,,,,
4,2,Laila Ali,,,,
4,2,Apolo Anton Ohno,,,,
4,2,Shandi Finnessey,,,,
4,2,Paulina Porizkova,0.0,0.096,0.096,0.0049165120593692
4,2,Heather Mills,,,,
4,2,Billy Ray Cyrus,,,,
4,2,Joey Fatone,,,,
4,2,Leeza Gibbons,,,,
4,3,John Ratzenberger,,,,
4,3,Ian Ziering,,,,
4,3,Clyde Drexler,,,,
4,3,Laila Ali,,,,
4,3,Apolo Anton Ohno,,,,
4,3,Shandi Finnessey,0.0,0.10300000000000001,0.10300000000000001,0.005482161060142709
4,3,Heather Mills,,,,
4,3,Billy Ray Cyrus,,,,
4,3,Joey Fatone,,,,
4,3,Leeza Gibbons,,,,
4,4,John Ratzenberger,,,,
4,4,Ian Ziering,,,,
4,4,Clyde Drexler,,,,
4,4,Laila Ali,,,,
4,4,Apolo Anton Ohno,,,,
4,4,Heather Mills,,,,
4,4,Billy Ray Cyrus,,,,
4,4,Joey Fatone,,,,
4,4,Leeza Gibbons,0.0,0.138,0.138,0.005000000000000004
4,5,John Ratzenberger,,,,
4,5,Ian Ziering,,,,
4,5,Clyde Drexler,0.0,0.176,0.176,0.00614448051948052
4,5,Laila Ali,,,,
4,5,Apolo Anton Ohno,,,,
4,5,Heather Mills,,,,
4,5,Billy Ray Cyrus,,,,
4,5,Joey Fatone,,,,
4,6,John Ratzenberger,,,,
4,6,Ian Ziering,,,,
4,6,Laila Ali,,,,
4,6,Apolo Anton Ohno,,,,
4,6,Heather Mills,0.0,0.15,0.15,0.00532212885154062
4,6,Billy Ray Cyrus,,,,
4,6,Joey Fatone,,,,
4,7,John Ratzenberger,0.0,0.187,0.187,0.005333333333333323
4,7,Ian Ziering,,,,
4,7,Laila Ali,,,,
4,7,Apolo Anton Ohno,,,,
4,7,Billy Ray Cyrus,,,,
4,7,Joey Fatone,,,,
4,8,Ian Ziering,,,,
4,8,Laila Ali,,,,
4,8,Apolo Anton Ohno,,,,
4,8,Billy Ray Cyrus,0.0,0.248,0.248,0.008743027888446216
4,8,Joey Fatone,,,,
4,9,Ian Ziering,0.0,0.255,0.255,0.009999999999999974
4,9,Laila Ali,,,,
4,9,Apolo Anton Ohno,,,,
4,9,Joey Fatone,,,,
5,1,Cameron Mathison,,,,
5,1,Jane Seymour,,,,
5,1,Sabrina Bryan,,,,
5,1,Jennie Garth,,,,
5,1,Floyd Mayweather Jr. ,,,,
5,1,Josie Maran,0.0,0.10400000000000001,0.10400000000000001,0.0021542270958613426
5,1,Albert Reed,,,,
5,1,Helio Castroneves,,,,
5,1,Mel B,,,,
5,1,Wayne Newton,,,,
5,1,Marie Osmond,,,,
5,1,Mark Cuban,,,,
5,2,Cameron Mathison,,,,
5,2,Jane Seymour,,,,
5,2,Sabrina Bryan,,,,
5,2,Jennie Garth,,,,
5,2,Floyd Mayweather Jr. ,,,,
5,2,Albert Reed,0.0,0.093,0.093,0.004916730328495033
5,2,Helio Castroneves,,,,
5,2,Mel B,,,,
5,2,Wayne Newton,,,,
5,2,Marie Osmond,,,,
5,2,Mark Cuban,,,,
5,3,Cameron Mathison,,,,
5,3,Jane Seymour,,,,
5,3,Sabrina Bryan,,,,
5,3,Jennie Garth,,,,
5,3,Floyd Mayweather Jr. ,,,,
5,3,Helio Castroneves,,,,
5,3,Mel B,,,,
5,3,Wayne Newton,0.0,0.124,0.124,0.005145699674569971
5,3,Marie Osmond,,,,
5,3,Mark Cuban,,,,
5,4,Cameron Mathison,,,,
5,4,Jane Seymour,,,,
5,4,Sabrina Bryan,,,,
5,4,Jennie Garth,,,,
5,4,Floyd Mayweather Jr. ,0.0,0.123,0.123,0.0038888888888888914
5,4,Helio Castroneves,,,,
5,4,Mel B,,,,
5,4,Marie Osmond,,,,
5,4,Mark Cuban,,,,
5,5,Cameron Mathison,,,,
5,5,Jane Seymour,,,,
5,5,Sabrina Bryan,,,,
5,5,Jennie Garth,,,,
5,5,Helio Castroneves,,,,
5,5,Mel B,,,,
5,5,Marie Osmond,,,,
5,5,Mark Cuban,0.0,0.14400000000000002,0.14400000000000002,0.004285714285714291
5,6,Cameron Mathison,,,,
5,6,Jane Seymour,,,,
5,6,Sabrina Bryan,0.0,0.146,0.146,0.005714285714285719
5,6,Jennie Garth,,,,
5,6,Helio Castroneves,,,,
5,6,Mel B,,,,
5,6,Marie Osmond,,,,
5,7,Cameron Mathison,,,,
5,7,Jane Seymour,0.0,0.17300000000000001,0.17300000000000001,0.004962393162393162
5,7,Jennie Garth,,,,
5,7,Helio Castroneves,,,,
5,7,Mel B,,,,
5,7,Marie Osmond,,,,
5,8,Cameron Mathison,0.0,0.20600000000000002,0.20600000000000002,0.006000000000000004
5,8,Jennie Garth,,,,
5,8,Helio Castroneves,,,,
5,8,Mel B,,,,
5,8,Marie Osmond,,,,
5,9,Jennie Garth,0.0,0.252,0.252,0.006182336182336197
5,9,Helio Castroneves,,,,
5,9,Mel B,,,,
5,9,Marie Osmond,,,,
6,2,Cristian de la Fuente,0.08972762645914396,0.10472762645914396,0.015,
6,2,Steve Guttenberg,0.10350194552529185,0.12029182879377433,0.016789883268482478,
6,2,Priscilla Presley,0.08583657587548638,0.10083657587548639,0.015000000000000013,
6,2,Marlee Matlin,0.07416342412451361,0.09961089494163425,0.025447470817120635,
6,2,Shannon Elizabeth,0.07416342412451361,0.09961089494163425,0.025447470817120635,
6,2,Marissa Jaret Winokur,0.08583657587548638,0.10083657587548639,0.015000000000000013,
6,2,Jason Taylor,0.06249027237354087,0.09961089494163425,0.03712062256809338,
6,2,Kristi Yamaguchi,0.06249027237354087,0.09961089494163425,0.03712062256809338,
6,2,Monica Seles,0.0,0.1,0.1,
6,2,Penn Jillette,0.0,0.1,0.1,
6,2,Adam Carolla,0.09361867704280157,0.10861867704280156,0.015,
6,2,Mario,0.06638132295719845,0.09961089494163425,0.033229571984435796,
6,3,Cristian de la Fuente,,,,
6,3,Steve Guttenberg,0.0,0.107,0.107,0.005446393762183236
6,3,Priscilla Presley,,,,
6,3,Marlee Matlin,,,,
6,3,Shannon Elizabeth,,,,
6,3,Marissa Jaret Winokur,,,,
6,3,Jason Taylor,,,,
6,3,Kristi Yamaguchi,,,,
6,3,Adam Carolla,,,,
6,3,Mario,,,,
6,4,Cristian de la Fuente,,,,
6,4,Priscilla Presley,,,,
6,4,Marlee Matlin,,,,
6,4,Shannon Elizabeth,,,,
6,4,Marissa Jaret Winokur,,,,
6,4,Jason Taylor,,,,
6,4,Kristi Yamaguchi,,,,
6,4,Adam Carolla,0.0,0.137,0.137,0.005703703703703706
6,4,Mario,,,,
6,5,Cristian de la Fuente,,,,
6,5,Priscilla Presley,0.0,0.14200000000000002,0.14200000000000002,0.004992711370262378
6,5,Marlee Matlin,,,,
6,5,Shannon Elizabeth,,,,
6,5,Marissa Jaret Winokur,,,,
6,5,Jason Taylor,,,,
6,5,Kristi Yamaguchi,,,,
6,5,Mario,,,,
6,6,Cristian de la Fuente,,,,
6,6,Marlee Matlin,0.0,0.169,0.169,0.007365079365079358
6,6,Shannon Elizabeth,,,,
6,6,Marissa Jaret Winokur,,,,
6,6,Jason Taylor,,,,
6,6,Kristi Yamaguchi,,,,
6,6,Mario,,,,
6,7,Cristian de la Fuente,,,,
6,7,Shannon Elizabeth,0.0,0.168,0.168,0.005059331175836026
6,7,Marissa Jaret Winokur,,,,
6,7,Jason Taylor,,,,
6,7,Kristi Yamaguchi,,,,
6,7,Mario,,,,
6,8,Cristian de la Fuente,,,,
6,8,Marissa Jaret Winokur,,,,
6,8,Jason Taylor,,,,
6,8,Kristi Yamaguchi,,,,
6,8,Mario,0.0,0.201,0.201,0.0054981273408239535
6,9,Cristian de la Fuente,,,,
6,9,Marissa Jaret Winokur,0.0,0.263,0.263,0.009999999999999976
6,9,Jason Taylor,,,,
6,9,Kristi Yamaguchi,,,,
7,1,Ted McGinley,0.0,0.05,0.05,
7,1,Cloris Leachman,0.0936868686868687,0.10277777777777779,0.009090909090909094,
7,1,Susan Lucci,0.08376623376623377,0.09285714285714286,0.009090909090909094,
7,1,Cody Linley,0.07582972582972583,0.08964646464646465,0.013816738816738824,
7,1,Misty May-Treanor,0.07384559884559885,0.08964646464646465,0.0158008658008658,
7,1,Maurice Greene,0.0797979797979798,0.08964646464646465,0.009848484848484856,
7,1,Warren Sapp,0.07186147186147186,0.08964646464646465,0.017784992784992792,
7,1,Jeffrey Ross,0.0,0.1,0.1,
7,1,Toni Braxton,0.0678932178932179,0.08964646464646465,0.02175324675324676,
7,1,Lance Bass,0.07186147186147186,0.08964646464646465,0.017784992784992792,
7,1,Kim Kardashian,0.08376623376623377,0.09285714285714286,0.009090909090909094,
7,1,Rocco DiSpirito,0.08773448773448773,0.09682539682539683,0.009090909090909094,
7,1,Brooke Burke,0.05995670995670997,0.08964646464646465,0.029689754689754683,
7,2,Cloris Leachman,0.11857717445952742,0.13122171945701358,0.012644544997486157,
7,2,Susan Lucci,0.0914278531925591,0.10407239819004525,0.012644544997486157,
7,2,Cody Linley,0.0914278531925591,0.10407239819004525,0.012644544997486157,
7,2,Misty May-Treanor,0.0,0.05,0.05,
7,2,Maurice Greene,0.1004776269482152,0.11312217194570136,0.012644544997486157,
7,2,Warren Sapp,0.07785319255907493,0.10407239819004525,0.026219205630970327,
7,2,Toni Braxton,0.08237807943690298,0.10407239819004525,0.021694318753142275,
7,2,Lance Bass,0.09595274007038715,0.1085972850678733,0.012644544997486157,
7,2,Kim Kardashian,0.0,0.1,0.1,
7,2,Rocco DiSpirito,0.11405228758169937,0.12669683257918551,0.012644544997486143,
7,2,Brooke Burke,0.07785319255907493,0.10407239819004525,0.026219205630970327,
7,4,Cloris Leachman,,,,
7,4,Susan Lucci,,,,
7,4,Cody Linley,,,,
7,4,Maurice Greene,,,,
7,4,Warren Sapp,,,,
7,4,Toni Braxton,,,,
7,4,Lance Bass,,,,
7,4,Rocco DiSpirito,0.0,0.133,0.133,0.005473180076628357
7,4,Brooke Burke,,,,
7,5,Cloris Leachman,,,,
7,5,Susan Lucci,,,,
7,5,Cody Linley,,,,
7,5,Maurice Greene,,,,
7,5,Warren Sapp,,,,
7,5,Toni Braxton,0.0,0.137,0.137,0.005714285714285716
7,5,Lance Bass,,,,
7,5,Brooke Burke,,,,
7,6,Cloris Leachman,0.0,0.191,0.191,0.007023809523809517
7,6,Susan Lucci,,,,
7,6,Cody Linley,,,,
7,6,Maurice Greene,,,,
7,6,Warren Sapp,,,,
7,6,Lance Bass,,,,
7,6,Brooke Burke,,,,
7,7,Susan Lucci,0.0,0.17,0.17,0.005147392290249444
7,7,Cody Linley,,,,
7,7,Maurice Greene,,,,
7,7,Warren Sapp,,,,
7,7,Lance Bass,,,,
7,7,Brooke Burke,,,,
7,8,Cody Linley,,,,
7,8,Maurice Greene,0.0,0.211,0.211,0.005784313725490191
7,8,Warren Sapp,,,,
7,8,Lance Bass,,,,
7,8,Brooke Burke,,,,
7,9,Cody Linley,0.0,0.271,0.271,0.01000000000000002
7,9,Warren Sapp,,,,
7,9,Lance Bass,,,,
7,9,Brooke Burke,,,,
8,2,Gilles Marini,,,,
8,2,Denise Richards,,,,
8,2,David Alan Grier,,,,
8,2,Lawrence Taylor,,,,
8,2,Ty Murray,,,,
8,2,Shawn Johnson,,,,
8,2,Steve Wozniak,,,,
8,2,Belinda Carlisle,0.0,0.085,0.085,0.004750846637639086
8,2,Chuck Wicks,,,,
8,2,Lil' Kim,,,,
8,2,Steve-O,,,,
8,2,Holly Madison,,,,
8,2,Melissa Rycroft,,,,
8,3,Gilles Marini,,,,
8,3,Denise Richards,0.0,0.10300000000000001,0.10300000000000001,0.00437127177284658
8,3,David Alan Grier,,,,
8,3,Lawrence Taylor,,,,
8,3,Ty Murray,,,,
8,3,Shawn Johnson,,,,
8,3,Steve Wozniak,,,,
8,3,Chuck Wicks,,,,
8,3,Lil' Kim,,,,
8,3,Steve-O,,,,
8,3,Holly Madison,,,,
8,3,Melissa Rycroft,,,,
8,4,Gilles Marini,0.06317722681359045,0.11065197428833792,0.047474747474747475,
8,4,David Alan Grier,0.09623507805325988,0.11161616161616163,0.015381083562901743,
8,4,Lawrence Taylor,0.10863177226813592,0.12401285583103766,0.015381083562901743,
8,4,Ty Murray,0.08383838383838384,0.11065197428833792,0.026813590449954086,
8,4,Shawn Johnson,0.08383838383838384,0.11065197428833792,0.026813590449954086,
8,4,Steve Wozniak,0.0,0.1,0.1,
8,4,Chuck Wicks,0.09623507805325988,0.11161616161616163,0.015381083562901743,
8,4,Lil' Kim,0.07557392102846648,0.11065197428833792,0.03507805325987144,
8,4,Steve-O,0.11478420569329659,0.14054178145087237,0.025757575757575785,
8,4,Holly Madison,0.0,0.1,0.1,
8,4,Melissa Rycroft,0.06730945821854914,0.11065197428833792,0.04334251606978878,
8,5,Gilles Marini,,,,
8,5,David Alan Grier,0.0,0.117,0.117,0.005119047619047619
8,5,Lawrence Taylor,,,,
8,5,Ty Murray,,,,
8,5,Shawn Johnson,,,,
8,5,Chuck Wicks,,,,
8,5,Lil' Kim,,,,
8,5,Steve-O,,,,
8,5,Melissa Rycroft,,,,
8,6,Gilles Marini,,,,
8,6,Lawrence Taylor,,,,
8,6,Ty Murray,,,,
8,6,Shawn Johnson,,,,
8,6,Chuck Wicks,,,,
8,6,Lil' Kim,,,,
8,6,Steve-O,0.0,0.163,0.163,0.00626728110599079
8,6,Melissa Rycroft,,,,
8,7,Gilles Marini,,,,
8,7,Lawrence Taylor,0.0,0.17,0.17,0.007027734170591313
8,7,Ty Murray,,,,
8,7,Shawn Johnson,,,,
8,7,Chuck Wicks,,,,
8,7,Lil' Kim,,,,
8,7,Melissa Rycroft,,,,
8,8,Gilles Marini,,,,
8,8,Ty Murray,,,,
8,8,Shawn Johnson,,,,
8,8,Chuck Wicks,0.0,0.169,0.169,0.004478632478632485
8,8,Lil' Kim,,,,
8,8,Melissa Rycroft,,,,
8,9,Gilles Marini,,,,
8,9,Ty Murray,,,,
8,9,Shawn Johnson,,,,
8,9,Lil' Kim,0.0,0.20500000000000002,0.20500000000000002,0.006000000000000004
8,9,Melissa Rycroft,,,,
8,10,Gilles Marini,,,,
8,10,Ty Murray,0.0,0.28,0.28,0.010000000000000033
8,10,Shawn Johnson,,,,
8,10,Melissa Rycroft,,,,
9,1,Ashley Hamiliton,0.0,0.05,0.05,
9,1,Debi Mazar,0.07142857142857142,0.07841288466724429,0.006984313238672865,
9,1,Melissa Joan Hart,0.06991532830812,0.07348675687954857,0.0035714285714285726,
9,1,Mark Dacascos,0.05760050145165948,0.07142857142857142,0.013828069976911946,
9,1,Chuck Liddell,0.07142857142857142,0.07841288466724429,0.006984313238672865,
9,1,Natalie Coughlin,0.0625266292393552,0.07142857142857142,0.008901942189216222,
9,1,Louie Vito,0.0625266292393552,0.07142857142857142,0.008901942189216222,
9,1,Michael Irvin,0.07142857142857142,0.08580207634878786,0.01437350492021644,
9,1,Joanna Krupa,0.04528493567603082,0.07142857142857142,0.026143635752540605,
9,1,Kathy Ireland,0.07142857142857142,0.08333925876132939,0.011910687332757963,
9,1,Tom DeLay,0.07142857142857142,0.08333925876132939,0.011910687332757963,
9,1,Macy Gray,0.0,0.05,0.05,
9,1,Aaron Carter,0.05021106346372655,0.07142857142857142,0.021217507964844874,
9,1,Mya,0.052674127357574395,0.07142857142857142,0.01875444407099703,
9,1,Donny Osmond,0.05513719125142225,0.07142857142857142,0.01629138017714917,
9,1,Kelly Osbourne,0.052674373663963776,0.07142857142857142,0.018754197764607648,
9,2,Debi Mazar,,,,
9,2,Melissa Joan Hart,,,,
9,2,Mark Dacascos,,,,
9,2,Chuck Liddell,,,,
9,2,Natalie Coughlin,,,,
9,2,Louie Vito,,,,
9,2,Michael Irvin,,,,
9,2,Joanna Krupa,,,,
9,2,Kathy Ireland,0.0,0.081,0.081,0.0037272931150482192
9,2,Tom DeLay,,,,
9,2,Aaron Carter,,,,
9,2,Mya,,,,
9,2,Donny Osmond,,,,
9,2,Kelly Osbourne,,,,
9,3,Debi Mazar,0.0,0.05,0.05,
9,3,Melissa Joan Hart,0.08780831571529246,0.09235377026074701,0.004545454545454547,
9,3,Mark Dacascos,0.08985200845665962,0.09622973925299508,0.006377730796335454,
9,3,Chuck Liddell,0.08985200845665962,0.10010570824524312,0.010253699788583495,
9,3,Natalie Coughlin,0.06067653276955602,0.08985200845665962,0.029175475687103603,
9,3,Louie Vito,0.0839323467230444,0.08985200845665962,0.005919661733615231,
9,3,Michael Irvin,0.10147991543340382,0.11173361522198731,0.010253699788583495,
9,3,Joanna Krupa,0.07230443974630021,0.08985200845665962,0.01754756871035941,
9,3,Tom DeLay,0.0,0.1,0.1,
9,3,Aaron Carter,0.08005637773079632,0.08985200845665962,0.0097956307258633,
9,3,Mya,0.05680056377730795,0.08985200845665962,0.03305144467935167,
9,3,Donny Osmond,0.08005637773079632,0.08985200845665962,0.0097956307258633,
9,3,Kelly Osbourne,0.0839323467230444,0.08985200845665962,0.005919661733615231,
9,4,Melissa Joan Hart,,,,
9,4,Mark Dacascos,,,,
9,4,Chuck Liddell,0.0,0.111,0.111,0.004564988730277986
9,4,Natalie Coughlin,,,,
9,4,Louie Vito,,,,
9,4,Michael Irvin,,,,
9,4,Joanna Krupa,,,,
9,4,Aaron Carter,,,,
9,4,Mya,,,,
9,4,Donny Osmond,,,,
9,4,Kelly Osbourne,,,,
9,5,Melissa Joan Hart,,,,
9,5,Mark Dacascos,,,,
9,5,Natalie Coughlin,0.0,0.109,0.109,0.004435261707988979
9,5,Louie Vito,,,,
9,5,Michael Irvin,,,,
9,5,Joanna Krupa,,,,
9,5,Aaron Carter,,,,
9,5,Mya,,,,
9,5,Donny Osmond,,,,
9,5,Kelly Osbourne,,,,
9,6,Melissa Joan Hart,0.0,0.1,0.1,
9,6,Mark Dacascos,0.10769184530693707,0.14175812806384988,0.034066282756912813,
9,6,Louie Vito,0.0,0.1,0.1,
9,6,Michael Irvin,0.14615428613846299,0.16758285756703442,0.021428571428571436,
9,6,Joanna Krupa,0.09230756128441545,0.14175812806384988,0.049450566779434435,
9,6,Aaron Carter,0.10384644738055962,0.14175812806384988,0.03791168068329026,
9,6,Mya,0.10384567814712767,0.14175812806384988,0.03791244991672221,
9,6,Donny Osmond,0.11153839708346244,0.14175812806384988,0.030219730980387438,
9,6,Kelly Osbourne,0.1346157846590348,0.15604435608760622,0.021428571428571436,
9,7,Mark Dacascos,0.0,0.15000000000000002,0.15000000000000002,
9,7,Michael Irvin,0.0,0.15000000000000002,0.15000000000000002,
9,7,Joanna Krupa,0.132022792022792,0.2,0.06797720797720802,
9,7,Aaron Carter,0.13772079772079768,0.2,0.062279202279202334,
9,7,Mya,0.1491168091168091,0.2,0.050883190883190904,
9,7,Donny Osmond,0.14056980056980053,0.2,0.059430199430199476,
9,7,Kelly Osbourne,0.14056980056980053,0.2,0.059430199430199476,
9,8,Joanna Krupa,,,,
9,8,Aaron Carter,0.0,0.209,0.209,0.005145038167938924
9,8,Mya,,,,
9,8,Donny Osmond,,,,
9,8,Kelly Osbourne,,,,
9,9,Joanna Krupa,0.0,0.246,0.246,0.005000000000000017
9,9,Mya,,,,
9,9,Donny Osmond,,,,
9,9,Kelly Osbourne,,,,
10,2,Aiden Turner,,,,
10,2,Shannen Doherty,0.0,0.09,0.09,0.00487603305785124
10,2,Niecy Nash,,,,
10,2,Buzz Aldrin,,,,
10,2,Chad Ochocinco,,,,
10,2,Evan Lysacek,,,,
10,2,Pamela Anderson,,,,
10,2,Nicole Scherzinger,,,,
10,2,Erin Andrews,,,,
10,2,Kate Gosselin,,,,
10,2,Jake Pavelka,,,,
10,3,Aiden Turner,,,,
10,3,Niecy Nash,,,,
10,3,Buzz Aldrin,0.0,0.135,0.135,0.0050040503557744935
10,3,Chad Ochocinco,,,,
10,3,Evan Lysacek,,,,
10,3,Pamela Anderson,,,,
10,3,Nicole Scherzinger,,,,
10,3,Erin Andrews,,,,
10,3,Kate Gosselin,,,,
10,3,Jake Pavelka,,,,
10,4,Aiden Turner,0.0,0.133,0.133,0.0038357292602575637
10,4,Niecy Nash,,,,
10,4,Chad Ochocinco,,,,
10,4,Evan Lysacek,,,,
10,4,Pamela Anderson,,,,
10,4,Nicole Scherzinger,,,,
10,4,Erin Andrews,,,,
10,4,Kate Gosselin,,,,
10,4,Jake Pavelka,,,,
10,5,Niecy Nash,,,,
10,5,Chad Ochocinco,,,,
10,5,Evan Lysacek,,,,
10,5,Pamela Anderson,,,,
10,5,Nicole Scherzinger,,,,
10,5,Erin Andrews,,,,
10,5,Kate Gosselin,0.0,0.163,0.163,0.007021056977704375
10,5,Jake Pavelka,,,,
10,6,Niecy Nash,,,,
10,6,Chad Ochocinco,,,,
10,6,Evan Lysacek,,,,
10,6,Pamela Anderson,,,,
10,6,Nicole Scherzinger,,,,
10,6,Erin Andrews,,,,
10,6,Jake Pavelka,0.0,0.166,0.166,0.005316607417208699
10,7,Niecy Nash,,,,
10,7,Chad Ochocinco,,,,
10,7,Evan Lysacek,,,,
10,7,Pamela Anderson,0.0,0.169,0.169,0.005001071811361195
10,7,Nicole Scherzinger,,,,
10,7,Erin Andrews,,,,
10,8,Niecy Nash,0.0,0.23,0.23,0.007828458498023725
10,8,Chad Ochocinco,,,,
10,8,Evan Lysacek,,,,
10,8,Nicole Scherzinger,,,,
10,8,Erin Andrews,,,,
10,9,Chad Ochocinco,0.0,0.269,0.269,0.01000000000000002
10,9,Evan Lysacek,,,,
10,9,Nicole Scherzinger,,,,
10,9,Erin Andrews,,,,
11,1,David Hasselhoff,0.0,0.1,0.1,0.004314510746228809
11,1,Florence Henderson,,,,
11,1,Kyle Massey,,,,
11,1,Jennifer Grey,,,,
11,1,Rick Fox,,,,
11,1,Kurt Warner,,,,
11,1,Margaret Cho,,,,
11,1,Michael Bolton,,,,
11,1,Brandy,,,,
11,1,The Situation,,,,
11,1,Audrina Patridge,,,,
11,1,Bristol Palin,,,,
11,2,Florence Henderson,,,,
11,2,Kyle Massey,,,,
11,2,Jennifer Grey,,,,
11,2,Rick Fox,,,,
11,2,Kurt Warner,,,,
11,2,Margaret Cho,,,,
11,2,Michael Bolton,0.0,0.127,0.127,0.005730728095433977
11,2,Brandy,,,,
11,2,The Situation,,,,
11,2,Audrina Patridge,,,,
11,2,Bristol Palin,,,,
11,3,Florence Henderson,,,,
11,3,Kyle Massey,,,,
11,3,Jennifer Grey,,,,
11,3,Rick Fox,,,,
11,3,Kurt Warner,,,,
11,3,Margaret Cho,0.0,0.11800000000000001,0.11800000000000001,0.004450075414781295
11,3,Brandy,,,,
11,3,The Situation,,,,
11,3,Audrina Patridge,,,,
11,3,Bristol Palin,,,,
11,4,Florence Henderson,,,,
11,4,Kyle Massey,,,,
11,4,Jennifer Grey,,,,
11,4,Rick Fox,,,,
11,4,Kurt Warner,,,,
11,4,Brandy,,,,
11,4,The Situation,0.0,0.14400000000000002,0.14400000000000002,0.005641682184978275
11,4,Audrina Patridge,,,,
11,4,Bristol Palin,,,,
11,5,Florence Henderson,0.0,0.134,0.134,0.005357142857142855
11,5,Kyle Massey,,,,
11,5,Jennifer Grey,,,,
11,5,Rick Fox,,,,
11,5,Kurt Warner,,,,
11,5,Brandy,,,,
11,5,Audrina Patridge,,,,
11,5,Bristol Palin,,,,
11,6,Kyle Massey,,,,
11,6,Jennifer Grey,,,,
11,6,Rick Fox,,,,
11,6,Kurt Warner,,,,
11,6,Brandy,,,,
11,6,Audrina Patridge,0.0,0.131,0.131,0.002857142857142859
11,6,Bristol Palin,,,,
11,7,Kyle Massey,,,,
11,7,Jennifer Grey,,,,
11,7,Rick Fox,0.0,0.167,0.167,0.004877697841726613
11,7,Kurt Warner,,,,
11,7,Brandy,,,,
11,7,Bristol Palin,,,,
11,8,Kyle Massey,,,,
11,8,Jennifer Grey,,,,
11,8,Kurt Warner,0.0,0.218,0.218,0.005999999999999993
11,8,Brandy,,,,
11,8,Bristol Palin,,,,
11,9,Kyle Massey,,,,
11,9,Jennifer Grey,,,,
11,9,Brandy,0.0,0.25,0.25,0.005730994152046779
11,9,Bristol Palin,,,,
12,2,Ralph Macchio,,,,
12,2,Chelsea Kane,,,,
12,2,Kirstie Alley,,,,
12,2,Hines Ward,,,,
12,2,Sugar Ray Leonard,,,,
12,2,Chris Jericho,,,,
12,2,Petra Nemcova,,,,
12,2,Mike Catherwood,0.0,0.10300000000000001,0.10300000000000001,0.004390572390572391
12,2,Romeo,,,,
12,2,Wendy Williams,,,,
12,2,Kendra Wilkinson,,,,
12,3,Ralph Macchio,,,,
12,3,Chelsea Kane,,,,
12,3,Kirstie Alley,,,,
12,3,Hines Ward,,,,
12,3,Sugar Ray Leonard,,,,
12,3,Chris Jericho,,,,
12,3,Petra Nemcova,,,,
12,3,Romeo,,,,
12,3,Wendy Williams,0.0,0.129,0.129,0.005447144340602279
12,3,Kendra Wilkinson,,,,
12,4,Ralph Macchio,,,,
12,4,Chelsea Kane,,,,
12,4,Kirstie Alley,,,,
12,4,Hines Ward,,,,
12,4,Sugar Ray Leonard,0.0,0.12,0.12,0.004142394822006476
12,4,Chris Jericho,,,,
12,4,Petra Nemcova,,,,
12,4,Romeo,,,,
12,4,Kendra Wilkinson,,,,
12,5,Ralph Macchio,,,,
12,5,Chelsea Kane,,,,
12,5,Kirstie Alley,,,,
12,5,Hines Ward,,,,
12,5,Chris Jericho,,,,
12,5,Petra Nemcova,0.0,0.136,0.136,0.00501104565537555
12,5,Romeo,,,,
12,5,Kendra Wilkinson,,,,
12,6,Ralph Macchio,,,,
12,6,Chelsea Kane,,,,
12,6,Kirstie Alley,,,,
12,6,Hines Ward,,,,
12,6,Chris Jericho,0.0,0.163,0.163,0.006910052910052919
12,6,Romeo,,,,
12,6,Kendra Wilkinson,,,,
12,7,Ralph Macchio,,,,
12,7,Chelsea Kane,,,,
12,7,Kirstie Alley,,,,
12,7,Hines Ward,,,,
12,7,Romeo,,,,
12,7,Kendra Wilkinson,0.0,0.171,0.171,0.005727674624226347
12,8,Ralph Macchio,,,,
12,8,Chelsea Kane,,,,
12,8,Kirstie Alley,,,,
12,8,Hines Ward,,,,
12,8,Romeo,0.0,0.2,0.2,0.005153846153846163
12,9,Ralph Macchio,0.0,0.295,0.295,0.009999999999999978
12,9,Chelsea Kane,,,,
12,9,Kirstie Alley,,,,
12,9,Hines Ward,,,,
13,1,Elisabetta Canalis,,,,
13,1,David Arquette,,,,
13,1,Ricki Lake,,,,
13,1,J.R. Martinez,,,,
13,1,Metta World Peace (Ron),0.0,0.10200000000000001,0.10200000000000001,0.0035101242843178343
13,1,Hope Solo,,,,
13,1,Chynna Phillips,,,,
13,1,Kristin Cavallari,,,,
13,1,Carson Kressley,,,,
13,1,Chaz Bono,,,,
13,1,Nancy Grace,,,,
13,1,Rob Kardashian,,,,
13,2,Elisabetta Canalis,0.0,0.08700000000000001,0.08700000000000001,0.002828373420301668
13,2,David Arquette,,,,
13,2,Ricki Lake,,,,
13,2,J.R. Martinez,,,,
13,2,Hope Solo,,,,
13,2,Chynna Phillips,,,,
13,2,Kristin Cavallari,,,,
13,2,Carson Kressley,,,,
13,2,Chaz Bono,,,,
13,2,Nancy Grace,,,,
13,2,Rob Kardashian,,,,
13,3,David Arquette,,,,
13,3,Ricki Lake,,,,
13,3,J.R. Martinez,,,,
13,3,Hope Solo,,,,
13,3,Chynna Phillips,,,,
13,3,Kristin Cavallari,0.0,0.098,0.098,0.00425035161744022
13,3,Carson Kressley,,,,
13,3,Chaz Bono,,,,
13,3,Nancy Grace,,,,
13,3,Rob Kardashian,,,,
13,4,David Arquette,,,,
13,4,Ricki Lake,,,,
13,4,J.R. Martinez,,,,
13,4,Hope Solo,,,,
13,4,Chynna Phillips,0.0,0.121,0.121,0.005519670388091437
13,4,Carson Kressley,,,,
13,4,Chaz Bono,,,,
13,4,Nancy Grace,,,,
13,4,Rob Kardashian,,,,
13,5,David Arquette,,,,
13,5,Ricki Lake,,,,
13,5,J.R. Martinez,,,,
13,5,Hope Solo,,,,
13,5,Carson Kressley,0.0,0.148,0.148,0.0061474164133738605
13,5,Chaz Bono,,,,
13,5,Nancy Grace,,,,
13,5,Rob Kardashian,,,,
13,6,David Arquette,,,,
13,6,Ricki Lake,,,,
13,6,J.R. Martinez,,,,
13,6,Hope Solo,,,,
13,6,Chaz Bono,0.0,0.171,0.171,0.006184738955823283
13,6,Nancy Grace,,,,
13,6,Rob Kardashian,,,,
13,7,David Arquette,0.0,0.17200000000000001,0.17200000000000001,0.005317406143344716
13,7,Ricki Lake,,,,
13,7,J.R. Martinez,,,,
13,7,Hope Solo,,,,
13,7,Nancy Grace,,,,
13,7,Rob Kardashian,,,,
13,8,Ricki Lake,,,,
13,8,J.R. Martinez,,,,
13,8,Hope Solo,,,,
13,8,Nancy Grace,0.0,0.23,0.23,0.007999999999999991
13,8,Rob Kardashian,,,,
13,9,Ricki Lake,,,,
13,9,J.R. Martinez,,,,
13,9,Hope Solo,0.0,0.293,0.293,0.00999999999999999
13,9,Rob Kardashian,,,,
14,2,William Levy,,,,
14,2,Jack Wagner,,,,
14,2,Sherri Sheperd,,,,
14,2,Jaleel White,,,,
14,2,Roshon Fegan,,,,
14,2,Melissa Gilbert,,,,
14,2,Martina Navratilova,0.0,0.10300000000000001,0.10300000000000001,0.0042908077053058465
14,2,Donald Driver,,,,
14,2,Gavin DeGraw,,,,
14,2,Gladys Knight,,,,
14,2,Katherine Jenkins,,,,
14,2,Maria Menounos,,,,
14,3,William Levy,,,,
14,3,Jack Wagner,0.0,0.096,0.096,0.004311688311688315
14,3,Sherri Sheperd,,,,
14,3,Jaleel White,,,,
14,3,Roshon Fegan,,,,
14,3,Melissa Gilbert,,,,
14,3,Donald Driver,,,,
14,3,Gavin DeGraw,,,,
14,3,Gladys Knight,,,,
14,3,Katherine Jenkins,,,,
14,3,Maria Menounos,,,,
14,4,William Levy,,,,
14,4,Sherri Sheperd,0.0,0.109,0.109,0.003999046256556985
14,4,Jaleel White,,,,
14,4,Roshon Fegan,,,,
14,4,Melissa Gilbert,,,,
14,4,Donald Driver,,,,
14,4,Gavin DeGraw,,,,
14,4,Gladys Knight,,,,
14,4,Katherine Jenkins,,,,
14,4,Maria Menounos,,,,
14,5,William Levy,,,,
14,5,Jaleel White,,,,
14,5,Roshon Fegan,,,,
14,5,Melissa Gilbert,,,,
14,5,Donald Driver,,,,
14,5,Gavin DeGraw,0.0,0.137,0.137,0.005279761904761906
14,5,Gladys Knight,,,,
14,5,Katherine Jenkins,,,,
14,5,Maria Menounos,,,,
14,6,William Levy,,,,
14,6,Jaleel White,,,,
14,6,Roshon Fegan,,,,
14,6,Melissa Gilbert,,,,
14,6,Donald Driver,,,,
14,6,Gladys Knight,0.0,0.156,0.156,0.006196161052707186
14,6,Katherine Jenkins,,,,
14,6,Maria Menounos,,,,
14,7,William Levy,,,,
14,7,Jaleel White,0.0,0.146,0.146,0.004154664590631894
14,7,Roshon Fegan,,,,
14,7,Melissa Gilbert,,,,
14,7,Donald Driver,,,,
14,7,Katherine Jenkins,,,,
14,7,Maria Menounos,,,,
14,8,William Levy,0.16888379204892964,0.24617737003058104,0.0772935779816514,
14,8,Roshon Fegan,0.0,0.15000000000000002,0.15000000000000002,
14,8,Melissa Gilbert,0.0,0.2,0.2,
14,8,Donald Driver,0.175,0.24923547400611623,0.07423547400611624,
14,8,Katherine Jenkins,0.175,0.24923547400611623,0.07423547400611624,
14,8,Maria Menounos,0.1811162079510703,0.25535168195718655,0.07423547400611624,
14,9,William Levy,,,,
14,9,Donald Driver,,,,
14,9,Katherine Jenkins,,,,
14,9,Maria Menounos,0.0,0.243,0.243,0.009999999999999974
15,1,Gilles Marini,,,,
15,1,Sabrina Bryan,,,,
15,1,Kirstie Alley,,,,
15,1,Kelly Monaco,,,,
15,1,Apolo Anton Ohno,,,,
15,1,Emmitt Smith,,,,
15,1,Shawn Johnson,,,,
15,1,Pamela Anderson,0.0,0.092,0.092,0.0021442481569063847
15,1,Helio Castroneves,,,,
15,1,Joey Fatone,,,,
15,1,Drew Lachey,,,,
15,1,Bristol Palin,,,,
15,1,Melissa Rycroft,,,,
15,2,Gilles Marini,,,,
15,2,Sabrina Bryan,,,,
15,2,Kirstie Alley,,,,
15,2,Kelly Monaco,,,,
15,2,Apolo Anton Ohno,,,,
15,2,Emmitt Smith,,,,
15,2,Shawn Johnson,,,,
15,2,Helio Castroneves,,,,
15,2,Joey Fatone,0.0,0.085,0.085,0.004250109793588053
15,2,Drew Lachey,,,,
15,2,Bristol Palin,,,,
15,2,Melissa Rycroft,,,,
15,3,Gilles Marini,0.09960031974420462,0.1091127098321343,0.009512390087929673,
15,3,Sabrina Bryan,0.09960031974420462,0.1091127098321343,0.009512390087929673,
15,3,Kirstie Alley,0.10499600319744204,0.11450839328537171,0.009512390087929673,
15,3,Kelly Monaco,0.09420463629096722,0.1091127098321343,0.014908073541167077,
15,3,Apolo Anton Ohno,0.09960031974420462,0.1091127098321343,0.009512390087929673,
15,3,Emmitt Smith,0.10139888089528376,0.11091127098321343,0.009512390087929673,
15,3,Shawn Johnson,0.09600319744204634,0.1091127098321343,0.013109512390087952,
15,3,Helio Castroneves,0.0,0.05,0.05,
15,3,Drew Lachey,0.0,0.1,0.1,
15,3,Bristol Palin,0.11039168665067944,0.11990407673860912,0.009512390087929673,
15,3,Melissa Rycroft,0.09420463629096722,0.1091127098321343,0.014908073541167077,
15,4,Gilles Marini,,,,
15,4,Sabrina Bryan,,,,
15,4,Kirstie Alley,,,,
15,4,Kelly Monaco,,,,
15,4,Apolo Anton Ohno,,,,
15,4,Emmitt Smith,,,,
15,4,Shawn Johnson,,,,
15,4,Bristol Palin,0.0,0.122,0.122,0.00382711249351996
15,4,Melissa Rycroft,,,,
15,6,Gilles Marini,,,,
15,6,Sabrina Bryan,0.0,0.117,0.117,0.002499999999999991
15,6,Kirstie Alley,,,,
15,6,Kelly Monaco,,,,
15,6,Apolo Anton Ohno,,,,
15,6,Emmitt Smith,,,,
15,6,Shawn Johnson,,,,
15,6,Melissa Rycroft,,,,
15,8,Gilles Marini,0.0,0.15000000000000002,0.15000000000000002,
15,8,Kirstie Alley,0.0,0.15000000000000002,0.15000000000000002,
15,8,Kelly Monaco,0.1528434734696458,0.2021185543368189,0.04927508086717311,
15,8,Apolo Anton Ohno,0.1481043510202361,0.19737943188740922,0.04927508086717311,
15,8,Emmitt Smith,0.1492198814316124,0.19849496229878552,0.04927508086717311,
15,8,Shawn Johnson,0.15535253872240404,0.20462761958957715,0.04927508086717311,
15,8,Melissa Rycroft,0.14447975535610158,0.19737943188740922,0.05289967653130764,
15,9,Kelly Monaco,0.2262546303290007,0.34042554700470995,0.11417091667570925,
15,9,Apolo Anton Ohno,0.0,0.2,0.2,
15,9,Emmitt Smith,0.0,0.25,0.25,
15,9,Shawn Johnson,0.20931133186808196,0.329787226497645,0.12047589462956307,
15,9,Melissa Rycroft,0.21443403780291728,0.329787226497645,0.11535318869472774,
16,2,Ingo Rademacher,,,,
16,2,Zendaya,,,,
16,2,Dorothy Hamill,0.0,0.105,0.105,0.0035439642324888213
16,2,Victor Ortiz,,,,
16,2,Alexandra Raisman,,,,
16,2,Jacoby Jones,,,,
16,2,D. L. Hughley,,,,
16,2,Andy Dick,,,,
16,2,Wynonna Judd,,,,
16,2,Kellie Pickler,,,,
16,2,Lisa Vanderpump,,,,
16,2,Sean Lowe,,,,
16,3,Ingo Rademacher,,,,
16,3,Zendaya,,,,
16,3,Victor Ortiz,,,,
16,3,Alexandra Raisman,,,,
16,3,Jacoby Jones,,,,
16,3,D. L. Hughley,,,,
16,3,Andy Dick,,,,
16,3,Wynonna Judd,0.0,0.117,0.117,0.0038630553026860106
16,3,Kellie Pickler,,,,
16,3,Lisa Vanderpump,,,,
16,3,Sean Lowe,,,,
16,4,Ingo Rademacher,,,,
16,4,Zendaya,,,,
16,4,Victor Ortiz,,,,
16,4,Alexandra Raisman,,,,
16,4,Jacoby Jones,,,,
16,4,D. L. Hughley,,,,
16,4,Andy Dick,,,,
16,4,Kellie Pickler,,,,
16,4,Lisa Vanderpump,0.0,0.11900000000000001,0.11900000000000001,0.0035317460317460213
16,4,Sean Lowe,,,,
16,5,Ingo Rademacher,,,,
16,5,Zendaya,,,,
16,5,Victor Ortiz,,,,
16,5,Alexandra Raisman,,,,
16,5,Jacoby Jones,,,,
16,5,D. L. Hughley,0.0,0.136,0.136,0.0038888888888888914
16,5,Andy Dick,,,,
16,5,Kellie Pickler,,,,
16,5,Sean Lowe,,,,
16,6,Ingo Rademacher,,,,
16,6,Zendaya,,,,
16,6,Victor Ortiz,0.0,0.14300000000000002,0.14300000000000002,0.005369552860932167
16,6,Alexandra Raisman,,,,
16,6,Jacoby Jones,,,,
16,6,Andy Dick,,,,
16,6,Kellie Pickler,,,,
16,6,Sean Lowe,,,,
16,7,Ingo Rademacher,,,,
16,7,Zendaya,,,,
16,7,Alexandra Raisman,,,,
16,7,Jacoby Jones,,,,
16,7,Andy Dick,0.0,0.193,0.193,0.006917184265010358
16,7,Kellie Pickler,,,,
16,7,Sean Lowe,,,,
16,8,Ingo Rademacher,,,,
16,8,Zendaya,,,,
16,8,Alexandra Raisman,,,,
16,8,Jacoby Jones,,,,
16,8,Kellie Pickler,,,,
16,8,Sean Lowe,0.0,0.198,0.198,0.007921972132904609
16,9,Ingo Rademacher,0.0,0.219,0.219,0.008944680851063844
16,9,Zendaya,,,,
16,9,Alexandra Raisman,,,,
16,9,Jacoby Jones,,,,
16,9,Kellie Pickler,,,,
17,2,Valerie Harper,,,,
17,2,Brant Daugherty,,,,
17,2,Elizabeth Berkley Lauren,,,,
17,2,Leah Remini,,,,
17,2,Corbin Bleu,,,,
17,2,Amber Riley,,,,
17,2,Keyshawn Johnson,0.0,0.098,0.098,0.003503075871496923
17,2,Bill Engvall,,,,
17,2,Christina Milian,,,,
17,2,"Nicole ""Snooki"" Polizzi",,,,
17,2,Jack Osbourne,,,,
17,2,Bill Nye,,,,
17,3,Valerie Harper,,,,
17,3,Brant Daugherty,,,,
17,3,Elizabeth Berkley Lauren,,,,
17,3,Leah Remini,,,,
17,3,Corbin Bleu,,,,
17,3,Amber Riley,,,,
17,3,Bill Engvall,,,,
17,3,Christina Milian,,,,
17,3,"Nicole ""Snooki"" Polizzi",,,,
17,3,Jack Osbourne,,,,
17,3,Bill Nye,0.0,0.11900000000000001,0.11900000000000001,0.003272727272727274
17,4,Valerie Harper,0.0,0.124,0.124,0.006017440225035161
17,4,Brant Daugherty,,,,
17,4,Elizabeth Berkley Lauren,,,,
17,4,Leah Remini,,,,
17,4,Corbin Bleu,,,,
17,4,Amber Riley,,,,
17,4,Bill Engvall,,,,
17,4,Christina Milian,,,,
17,4,"Nicole ""Snooki"" Polizzi",,,,
17,4,Jack Osbourne,,,,
17,5,Brant Daugherty,,,,
17,5,Elizabeth Berkley Lauren,,,,
17,5,Leah Remini,,,,
17,5,Corbin Bleu,,,,
17,5,Amber Riley,,,,
17,5,Bill Engvall,,,,
17,5,Christina Milian,0.0,0.10300000000000001,0.10300000000000001,0.0022222222222222235
17,5,"Nicole ""Snooki"" Polizzi",,,,
17,5,Jack Osbourne,,,,
17,7,Brant Daugherty,,,,
17,7,Elizabeth Berkley Lauren,,,,
17,7,Leah Remini,,,,
17,7,Corbin Bleu,,,,
17,7,Amber Riley,,,,
17,7,Bill Engvall,,,,
17,7,"Nicole ""Snooki"" Polizzi",0.0,0.128,0.128,0.005022573363431144
17,7,Jack Osbourne,,,,
17,8,Brant Daugherty,0.0,0.145,0.145,0.004801587301587306
17,8,Elizabeth Berkley Lauren,,,,
17,8,Leah Remini,,,,
17,8,Corbin Bleu,,,,
17,8,Amber Riley,,,,
17,8,Bill Engvall,,,,
17,8,Jack Osbourne,,,,
17,9,Elizabeth Berkley Lauren,0.0,0.155,0.155,0.0033333333333333214
17,9,Leah Remini,,,,
17,9,Corbin Bleu,,,,
17,9,Amber Riley,,,,
17,9,Bill Engvall,,,,
17,9,Jack Osbourne,,,,
17,10,Leah Remini,0.0,0.214,0.214,0.006000000000000004
17,10,Corbin Bleu,,,,
17,10,Amber Riley,,,,
17,10,Bill Engvall,,,,
17,10,Jack Osbourne,,,,
18,1,Billy Dee Williams,,,,
18,1,Danica McKellar,,,,
18,1,James Maslow,,,,
18,1,Candace Cameron Bure,,,,
18,1,Sean Avery,,,,
18,1,Diana Nyad,0.0,0.097,0.097,0.003049965301873694
18,1,Charlie White,,,,
18,1,Amy Purdy,,,,
18,1,Meryl Davis,,,,
18,1,Drew Carey,,,,
18,1,Cody Simpson,,,,
18,1,NeNe Leakes,,,,
18,2,Billy Dee Williams,0.0,0.1,0.1,
18,2,Danica McKellar,0.09080145719489982,0.1111111111111111,0.020309653916211284,
18,2,James Maslow,0.08670309653916211,0.1111111111111111,0.024408014571948994,
18,2,Candace Cameron Bure,0.10309653916211295,0.11420765027322406,0.011111111111111113,
18,2,Sean Avery,0.0,0.1,0.1,
18,2,Charlie White,0.08670309653916211,0.1111111111111111,0.024408014571948994,
18,2,Amy Purdy,0.09080145719489982,0.1111111111111111,0.020309653916211284,
18,2,Meryl Davis,0.08670309653916211,0.1111111111111111,0.024408014571948994,
18,2,Drew Carey,0.10309653916211295,0.11420765027322406,0.011111111111111113,
18,2,Cody Simpson,0.09899817850637524,0.1111111111111111,0.012112932604735865,
18,2,NeNe Leakes,0.10309653916211295,0.11420765027322406,0.011111111111111113,
18,5,Danica McKellar,,,,
18,5,James Maslow,,,,
18,5,Candace Cameron Bure,,,,
18,5,Charlie White,,,,
18,5,Amy Purdy,,,,
18,5,Meryl Davis,,,,
18,5,Drew Carey,,,,
18,5,Cody Simpson,0.0,0.116,0.116,0.003985507246376814
18,5,NeNe Leakes,,,,
18,6,Danica McKellar,,,,
18,6,James Maslow,,,,
18,6,Candace Cameron Bure,,,,
18,6,Charlie White,,,,
18,6,Amy Purdy,,,,
18,6,Meryl Davis,,,,
18,6,Drew Carey,0.0,0.136,0.136,0.004723910840932116
18,6,NeNe Leakes,,,,
18,7,Danica McKellar,,,,
18,7,James Maslow,,,,
18,7,Candace Cameron Bure,,,,
18,7,Charlie White,,,,
18,7,Amy Purdy,,,,
18,7,Meryl Davis,,,,
18,7,NeNe Leakes,0.0,0.155,0.155,0.005723320158102759
18,8,Danica McKellar,0.0,0.165,0.165,0.004873156342182886
18,8,James Maslow,,,,
18,8,Candace Cameron Bure,,,,
18,8,Charlie White,,,,
18,8,Amy Purdy,,,,
18,8,Meryl Davis,,,,
18,9,James Maslow,,,,
18,9,Candace Cameron Bure,,,,
18,9,Charlie White,0.0,0.201,0.201,0.005047120418848165
18,9,Amy Purdy,,,,
18,9,Meryl Davis,,,,
19,1,Antonio Sabato Jr.,,,,
19,1,Jonathan Bennett,,,,
19,1,Lea Thompson,,,,
19,1,Janel Parrish,,,,
19,1,Alfonso Ribeiro,,,,
19,1,Lolo Jones,0.0,0.094,0.094,0.0027708850289495514
19,1,Randy Couture,,,,
19,1,Tommy Chong,,,,
19,1,Betsey Johnson,,,,
19,1,Michael Waltrip,,,,
19,1,Tavis Smiley,,,,
19,1,Bethany Mota,,,,
19,1,Sadie Robertson,,,,
19,2,Antonio Sabato Jr.,,,,
19,2,Jonathan Bennett,,,,
19,2,Lea Thompson,,,,
19,2,Janel Parrish,,,,
19,2,Alfonso Ribeiro,,,,
19,2,Randy Couture,,,,
19,2,Tommy Chong,,,,
19,2,Betsey Johnson,,,,
19,2,Michael Waltrip,,,,
19,2,Tavis Smiley,0.0,0.089,0.089,0.0048242089402310406
19,2,Bethany Mota,,,,
19,2,Sadie Robertson,,,,
19,3,Antonio Sabato Jr.,,,,
19,3,Jonathan Bennett,,,,
19,3,Lea Thompson,,,,
19,3,Janel Parrish,,,,
19,3,Alfonso Ribeiro,,,,
19,3,Randy Couture,0.0,0.108,0.108,0.00470641256760237
19,3,Tommy Chong,,,,
19,3,Betsey Johnson,,,,
19,3,Michael Waltrip,,,,
19,3,Bethany Mota,,,,
19,3,Sadie Robertson,,,,
19,4,Antonio Sabato Jr.,,,,
19,4,Jonathan Bennett,,,,
19,4,Lea Thompson,,,,
19,4,Janel Parrish,,,,
19,4,Alfonso Ribeiro,,,,
19,4,Tommy Chong,,,,
19,4,Betsey Johnson,0.0,0.109,0.109,0.005555555555555556
19,4,Michael Waltrip,,,,
19,4,Bethany Mota,,,,
19,4,Sadie Robertson,,,,
19,6,Antonio Sabato Jr.,,,,
19,6,Jonathan Bennett,0.0,0.113,0.113,0.004823663253697386
19,6,Lea Thompson,,,,
19,6,Janel Parrish,,,,
19,6,Alfonso Ribeiro,,,,
19,6,Tommy Chong,,,,
19,6,Michael Waltrip,,,,
19,6,Bethany Mota,,,,
19,6,Sadie Robertson,,,,
19,7,Antonio Sabato Jr.,0.0,0.135,0.135,0.0047119369991710435
19,7,Lea Thompson,,,,
19,7,Janel Parrish,,,,
19,7,Alfonso Ribeiro,,,,
19,7,Tommy Chong,,,,
19,7,Michael Waltrip,,,,
19,7,Bethany Mota,,,,
19,7,Sadie Robertson,,,,
19,8,Lea Thompson,,,,
19,8,Janel Parrish,,,,
19,8,Alfonso Ribeiro,,,,
19,8,Tommy Chong,,,,
19,8,Michael Waltrip,0.0,0.184,0.184,0.007112135176651302
19,8,Bethany Mota,,,,
19,8,Sadie Robertson,,,,
19,9,Lea Thompson,0.0,0.169,0.169,0.005090342679127723
19,9,Janel Parrish,,,,
19,9,Alfonso Ribeiro,,,,
19,9,Tommy Chong,,,,
19,9,Bethany Mota,,,,
19,9,Sadie Robertson,,,,
19,10,Janel Parrish,,,,
19,10,Alfonso Ribeiro,,,,
19,10,Tommy Chong,0.0,0.23,0.23,0.007999999999999998
19,10,Bethany Mota,,,,
19,10,Sadie Robertson,,,,
20,2,Suzanne Somers,,,,
20,2,Willow Shields,,,,
20,2,Riker Lynch,,,,
20,2,Rumer Willis,,,,
20,2,Nastia Liukin,,,,
20,2,Michael Sam,,,,
20,2,Robert Herjavec,,,,
20,2,Charlotte McKinney,,,,
20,2,Noah Galloway,,,,
20,2,Redfoo,0.0,0.077,0.077,0.0024399615754082666
20,2,Patti LaBelle,,,,
20,2,Chris Soules,,,,
20,3,Suzanne Somers,,,,
20,3,Willow Shields,,,,
20,3,Riker Lynch,,,,
20,3,Rumer Willis,,,,
20,3,Nastia Liukin,,,,
20,3,Michael Sam,,,,
20,3,Robert Herjavec,,,,
20,3,Charlotte McKinney,0.0,0.111,0.111,0.0034191112401975076
20,3,Noah Galloway,,,,
20,3,Patti LaBelle,,,,
20,3,Chris Soules,,,,
20,4,Suzanne Somers,,,,
20,4,Willow Shields,,,,
20,4,Riker Lynch,,,,
20,4,Rumer Willis,,,,
20,4,Nastia Liukin,,,,
20,4,Michael Sam,0.0,0.107,0.107,0.005076923076923081
20,4,Robert Herjavec,,,,
20,4,Noah Galloway,,,,
20,4,Patti LaBelle,,,,
20,4,Chris Soules,,,,
20,5,Suzanne Somers,0.0,0.123,0.123,0.00555555555555556
20,5,Willow Shields,,,,
20,5,Riker Lynch,,,,
20,5,Rumer Willis,,,,
20,5,Nastia Liukin,,,,
20,5,Robert Herjavec,,,,
20,5,Noah Galloway,,,,
20,5,Patti LaBelle,,,,
20,5,Chris Soules,,,,
20,6,Willow Shields,,,,
20,6,Riker Lynch,,,,
20,6,Rumer Willis,,,,
20,6,Nastia Liukin,,,,
20,6,Robert Herjavec,,,,
20,6,Noah Galloway,,,,
20,6,Patti LaBelle,0.0,0.129,0.129,0.0044560827864714775
20,6,Chris Soules,,,,
20,7,Willow Shields,0.0,0.132,0.132,0.002857142857142835
20,7,Riker Lynch,,,,
20,7,Rumer Willis,,,,
20,7,Nastia Liukin,,,,
20,7,Robert Herjavec,,,,
20,7,Noah Galloway,,,,
20,7,Chris Soules,,,,
20,8,Riker Lynch,0.16613475177304965,0.24940898345153664,0.08327423167848699,
20,8,Rumer Willis,0.1614066193853428,0.24940898345153664,0.08800236406619386,
20,8,Nastia Liukin,0.17086288416075648,0.24940898345153664,0.07854609929078016,
20,8,Robert Herjavec,0.0,0.2,0.2,
20,8,Noah Galloway,0.20159574468085106,0.26409574468085106,0.0625,
20,8,Chris Soules,0.0,0.2,0.2,
20,9,Riker Lynch,,,,
20,9,Rumer Willis,,,,
20,9,Nastia Liukin,0.0,0.245,0.245,0.010000000000000075
20,9,Noah Galloway,,,,
21,4,Gary Busey,0.0,0.132,0.132,0.004893408662900184
21,4,Alexa PenaVega,,,,
21,4,Carlos PenaVega,,,,
21,4,Alek Skarlatos,,,,
21,4,Andy Grammer,,,,
21,4,Tamar Braxton,,,,
21,4,Nick Carter,,,,
21,4,Hayes Grier,,,,
21,4,Bindi Irwin,,,,
21,4,Paula Deen,,,,
21,6,Alexa PenaVega,,,,
21,6,Carlos PenaVega,,,,
21,6,Alek Skarlatos,,,,
21,6,Andy Grammer,,,,
21,6,Tamar Braxton,,,,
21,6,Nick Carter,,,,
21,6,Hayes Grier,,,,
21,6,Bindi Irwin,,,,
21,6,Paula Deen,0.0,0.145,0.145,0.006419062832800848
21,7,Alexa PenaVega,,,,
21,7,Carlos PenaVega,,,,
21,7,Alek Skarlatos,,,,
21,7,Andy Grammer,,,,
21,7,Tamar Braxton,,,,
21,7,Nick Carter,,,,
21,7,Hayes Grier,0.0,0.123,0.123,0.002499999999999991
21,7,Bindi Irwin,,,,
21,8,Alexa PenaVega,,,,
21,8,Carlos PenaVega,,,,
21,8,Alek Skarlatos,,,,
21,8,Andy Grammer,0.0,0.162,0.162,0.005915312845592005
21,8,Tamar Braxton,,,,
21,8,Nick Carter,,,,
21,8,Bindi Irwin,,,,
21,9,Alexa PenaVega,0.0,0.15000000000000002,0.15000000000000002,
21,9,Carlos PenaVega,0.17803951367781154,0.2530395136778115,0.07499999999999998,
21,9,Alek Skarlatos,0.1871580547112462,0.2621580547112462,0.07500000000000001,
21,9,Tamar Braxton,0.0,0.2,0.2,
21,9,Nick Carter,0.17500000000000002,0.25,0.07499999999999998,
21,9,Bindi Irwin,0.15980243161094224,0.23480243161094225,0.07500000000000001,
22,2,Mischa Barton,,,,
22,2,Kim Fields,,,,
22,2,Jodie Sweetin,,,,
22,2,Doug Flutie,,,,
22,2,Von Miller,,,,
22,2,Antonio Brown,,,,
22,2,Paige VanZant,,,,
22,2,Geraldo Rivera,0.0,0.111,0.111,0.004170518746789941
22,2,Nyle DiMarco,,,,
22,2,Ginger Zee,,,,
22,2,Wanya Morris,,,,
22,2,Marla Maples,,,,
22,3,Mischa Barton,0.0,0.105,0.105,0.005297583429228999
22,3,Kim Fields,,,,
22,3,Jodie Sweetin,,,,
22,3,Doug Flutie,,,,
22,3,Von Miller,,,,
22,3,Antonio Brown,,,,
22,3,Paige VanZant,,,,
22,3,Nyle DiMarco,,,,
22,3,Ginger Zee,,,,
22,3,Wanya Morris,,,,
22,3,Marla Maples,,,,
22,4,Kim Fields,,,,
22,4,Jodie Sweetin,,,,
22,4,Doug Flutie,,,,
22,4,Von Miller,,,,
22,4,Antonio Brown,,,,
22,4,Paige VanZant,,,,
22,4,Nyle DiMarco,,,,
22,4,Ginger Zee,,,,
22,4,Wanya Morris,,,,
22,4,Marla Maples,0.0,0.112,0.112,0.004666666666666671
22,6,Kim Fields,,,,
22,6,Jodie Sweetin,,,,
22,6,Doug Flutie,0.0,0.129,0.129,0.005958027410670583
22,6,Von Miller,,,,
22,6,Antonio Brown,,,,
22,6,Paige VanZant,,,,
22,6,Nyle DiMarco,,,,
22,6,Ginger Zee,,,,
22,6,Wanya Morris,,,,
22,7,Kim Fields,0.0,0.1,0.1,
22,7,Jodie Sweetin,0.14034267912772586,0.16861370716510904,0.028271028037383183,
22,7,Von Miller,0.0,0.1,0.1,
22,7,Antonio Brown,0.13800623052959504,0.1662772585669782,0.028271028037383156,
22,7,Paige VanZant,0.13099688473520252,0.1662772585669782,0.03528037383177568,
22,7,Nyle DiMarco,0.12866043613707165,0.1662772585669782,0.03761682242990655,
22,7,Ginger Zee,0.13099688473520252,0.1662772585669782,0.03528037383177568,
22,7,Wanya Morris,0.13099688473520252,0.1662772585669782,0.03528037383177568,
22,8,Jodie Sweetin,0.0,0.155,0.155,0.003333333333333312
22,8,Antonio Brown,,,,
22,8,Paige VanZant,,,,
22,8,Nyle DiMarco,,,,
22,8,Ginger Zee,,,,
22,8,Wanya Morris,,,,
22,9,Antonio Brown,0.0,0.25,0.25,
22,9,Paige VanZant,0.21085946573751446,0.32752613240418116,0.1166666666666667,
22,9,Nyle DiMarco,0.21782810685249707,0.3344947735191638,0.11666666666666672,
22,9,Ginger Zee,0.22131242740998833,0.33797909407665505,0.11666666666666672,
22,9,Wanya Morris,0.0,0.2,0.2,
23,2,Jake T. Austin,0.0,0.085,0.085,0.004270104895104893
23,2,Maureen McCormick,,,,
23,2,Marilu Henner,,,,
23,2,Ryan Lochte,,,,
23,2,Calvin Johnson Jr.,,,,
23,2,Laurie Hernandez,,,,
23,2,Amber Rose,,,,
23,2,Rick Perry,,,,
23,2,James Hinchcliffe,,,,
23,2,Babyface,,,,
23,2,Vanilla Ice,,,,
23,2,Jana Kramer,,,,
23,2,Terra Jole,,,,
23,3,Maureen McCormick,,,,
23,3,Marilu Henner,,,,
23,3,Ryan Lochte,,,,
23,3,Calvin Johnson Jr.,,,,
23,3,Laurie Hernandez,,,,
23,3,Amber Rose,,,,
23,3,Rick Perry,0.0,0.095,0.095,0.0032983682983682944
23,3,James Hinchcliffe,,,,
23,3,Babyface,,,,
23,3,Vanilla Ice,,,,
23,3,Jana Kramer,,,,
23,3,Terra Jole,,,,
23,4,Maureen McCormick,0.09614729672200936,0.10983397190293742,0.01368667518092806,
23,4,Marilu Henner,0.10764154959557258,0.11875266070668371,0.011111111111111127,
23,4,Ryan Lochte,0.1038101319710515,0.11492124308216263,0.011111111111111127,
23,4,Calvin Johnson Jr.,0.09997871434653043,0.11108982545764155,0.011111111111111127,
23,4,Laurie Hernandez,0.07315879097488293,0.10983397190293742,0.036675180928054496,
23,4,Amber Rose,0.09614729672200936,0.10983397190293742,0.01368667518092806,
23,4,James Hinchcliffe,0.08082162622392507,0.10983397190293742,0.029012345679012355,
23,4,Babyface,0.0,0.1,0.1,
23,4,Vanilla Ice,0.0,0.1,0.1,
23,4,Jana Kramer,0.09997871434653043,0.11108982545764155,0.011111111111111127,
23,4,Terra Jole,0.09231587909748828,0.10983397190293742,0.017518092805449137,
23,6,Maureen McCormick,,,,
23,6,Marilu Henner,,,,
23,6,Ryan Lochte,,,,
23,6,Calvin Johnson Jr.,,,,
23,6,Laurie Hernandez,,,,
23,6,Amber Rose,0.0,0.13,0.13,0.005701275045537339
23,6,James Hinchcliffe,,,,
23,6,Jana Kramer,,,,
23,6,Terra Jole,,,,
23,7,Maureen McCormick,0.0,0.13,0.13,0.00438099559242935
23,7,Marilu Henner,,,,
23,7,Ryan Lochte,,,,
23,7,Calvin Johnson Jr.,,,,
23,7,Laurie Hernandez,,,,
23,7,James Hinchcliffe,,,,
23,7,Jana Kramer,,,,
23,7,Terra Jole,,,,
23,8,Marilu Henner,,,,
23,8,Ryan Lochte,0.0,0.156,0.156,0.005714285714285719
23,8,Calvin Johnson Jr.,,,,
23,8,Laurie Hernandez,,,,
23,8,James Hinchcliffe,,,,
23,8,Jana Kramer,,,,
23,8,Terra Jole,,,,
23,9,Marilu Henner,0.0,0.17400000000000002,0.17400000000000002,0.004960352422907496
23,9,Calvin Johnson Jr.,,,,
23,9,Laurie Hernandez,,,,
23,9,James Hinchcliffe,,,,
23,9,Jana Kramer,,,,
23,9,Terra Jole,,,,
23,10,Calvin Johnson Jr.,,,,
23,10,Laurie Hernandez,,,,
23,10,James Hinchcliffe,,,,
23,10,Jana Kramer,,,,
23,10,Terra Jole,0.0,0.195,0.195,0.003999999999999974
24,2,Charo,,,,
24,2,Mr. T,,,,
24,2,Heather Morris,,,,
24,2,Nancy Kerrigan,,,,
24,2,Bonner Bolton,,,,
24,2,Simone Biles,,,,
24,2,David Ross,,,,
24,2,Rashad Jennings,,,,
24,2,Chris Kattan,0.0,0.099,0.099,0.00300443458980045
24,2,Erika Jayne,,,,
24,2,Normani,,,,
24,2,Nick Viall,,,,
24,3,Charo,0.0,0.105,0.105,0.0040981240981241
24,3,Mr. T,,,,
24,3,Heather Morris,,,,
24,3,Nancy Kerrigan,,,,
24,3,Bonner Bolton,,,,
24,3,Simone Biles,,,,
24,3,David Ross,,,,
24,3,Rashad Jennings,,,,
24,3,Erika Jayne,,,,
24,3,Normani,,,,
24,3,Nick Viall,,,,
24,4,Mr. T,0.0,0.114,0.114,0.00512883435582822
24,4,Heather Morris,,,,
24,4,Nancy Kerrigan,,,,
24,4,Bonner Bolton,,,,
24,4,Simone Biles,,,,
24,4,David Ross,,,,
24,4,Rashad Jennings,,,,
24,4,Erika Jayne,,,,
24,4,Normani,,,,
24,4,Nick Viall,,,,
24,5,Heather Morris,,,,
24,5,Nancy Kerrigan,,,,
24,5,Bonner Bolton,,,,
24,5,Simone Biles,,,,
24,5,David Ross,,,,
24,5,Rashad Jennings,,,,
24,5,Erika Jayne,0.0,0.116,0.116,0.004985380116959064
24,5,Normani,,,,
24,5,Nick Viall,,,,
24,6,Heather Morris,0.0,0.112,0.112,0.002499999999999998
24,6,Nancy Kerrigan,,,,
24,6,Bonner Bolton,,,,
24,6,Simone Biles,,,,
24,6,David Ross,,,,
24,6,Rashad Jennings,,,,
24,6,Normani,,,,
24,6,Nick Viall,,,,
24,7,Nancy Kerrigan,0.0,0.15000000000000002,0.15000000000000002,
24,7,Bonner Bolton,0.17213438735177863,0.2126482213438735,0.04051383399209488,
24,7,Simone Biles,0.14051383399209486,0.19288537549407114,0.05237154150197629,
24,7,David Ross,0.16818181818181818,0.20869565217391306,0.04051383399209488,
24,7,Rashad Jennings,0.14051383399209486,0.19288537549407114,0.05237154150197629,
24,7,Normani,0.12865612648221342,0.19288537549407114,0.06422924901185773,
24,7,Nick Viall,0.0,0.15000000000000002,0.15000000000000002,
24,8,Bonner Bolton,0.0,0.233,0.233,0.008982808022922634
24,8,Simone Biles,,,,
24,8,David Ross,,,,
24,8,Rashad Jennings,,,,
24,8,Normani,,,,
24,9,Simone Biles,0.0,0.23500000000000001,0.23500000000000001,0.0050000000000000305
24,9,David Ross,,,,
24,9,Rashad Jennings,,,,
24,9,Normani,,,,
25,2,Sasha Pieterse,0.07799567890975569,0.08924713312281868,0.011251454213062992,
25,2,Frankie Muniz,0.07251121821505734,0.08924713312281868,0.016735914907761343,
25,2,Jordan Fisher,0.07251121821505734,0.08924713312281868,0.016735914907761343,
25,2,Derek Fisher,0.09079275386405186,0.09533820840950641,0.004545454545454547,
25,2,Nikki Bella,0.0889646002991524,0.09351005484460695,0.004545454545454547,
25,2,Terrell Owens,0.0889646002991524,0.09351005484460695,0.004545454545454547,
25,2,Victoria Arlen,0.07982383247465515,0.08924713312281868,0.009423300648163532,
25,2,Barbara Corcoran,0.0,0.05,0.05,
25,2,Lindsey Stirling,0.07799567890975569,0.08924713312281868,0.011251454213062992,
25,2,Debbie Gibson,0.0,0.05,0.05,
25,2,Nick Lachey,0.09079275386405186,0.09533820840950641,0.004545454545454547,
25,2,Drew Scott,0.08530829316935351,0.08985374771480806,0.004545454545454547,
25,2,Vanessa Lachey,0.0743393717799568,0.08924713312281868,0.014907761342861883,
25,4,Sasha Pieterse,,,,
25,4,Frankie Muniz,,,,
25,4,Jordan Fisher,,,,
25,4,Derek Fisher,0.0,0.096,0.096,0.0031559879235155894
25,4,Nikki Bella,,,,
25,4,Terrell Owens,,,,
25,4,Victoria Arlen,,,,
25,4,Lindsey Stirling,,,,
25,4,Nick Lachey,,,,
25,4,Drew Scott,,,,
25,4,Vanessa Lachey,,,,
25,5,Sasha Pieterse,0.0,0.108,0.108,0.004704129416773091
25,5,Frankie Muniz,,,,
25,5,Jordan Fisher,,,,
25,5,Nikki Bella,,,,
25,5,Terrell Owens,,,,
25,5,Victoria Arlen,,,,
25,5,Lindsey Stirling,,,,
25,5,Nick Lachey,,,,
25,5,Drew Scott,,,,
25,5,Vanessa Lachey,,,,
25,6,Frankie Muniz,,,,
25,6,Jordan Fisher,,,,
25,6,Nikki Bella,,,,
25,6,Terrell Owens,,,,
25,6,Victoria Arlen,,,,
25,6,Lindsey Stirling,,,,
25,6,Nick Lachey,0.0,0.137,0.137,0.006006717501815541
25,6,Drew Scott,,,,
25,6,Vanessa Lachey,,,,
25,7,Frankie Muniz,0.1209302325581395,0.16356589147286824,0.04263565891472873,
25,7,Jordan Fisher,0.13488372093023254,0.16356589147286824,0.028682170542635693,
25,7,Nikki Bella,0.0,0.15000000000000002,0.15000000000000002,
25,7,Terrell Owens,0.14651162790697675,0.17519379844961241,0.028682170542635665,
25,7,Victoria Arlen,0.12790697674418602,0.16356589147286824,0.03565891472868221,
25,7,Lindsey Stirling,0.14186046511627906,0.17054263565891475,0.028682170542635693,
25,7,Drew Scott,0.12790697674418602,0.16356589147286824,0.03565891472868221,
25,7,Vanessa Lachey,0.0,0.1,0.1,
25,8,Frankie Muniz,,,,
25,8,Jordan Fisher,,,,
25,8,Terrell Owens,0.0,0.17,0.17,0.005463258785942498
25,8,Victoria Arlen,,,,
25,8,Lindsey Stirling,,,,
25,8,Drew Scott,,,,
25,9,Frankie Muniz,,,,
25,9,Jordan Fisher,,,,
25,9,Victoria Arlen,0.0,0.192,0.192,0.004222222222222198
25,9,Lindsey Stirling,,,,
25,9,Drew Scott,,,,
26,1,Jamie Anderson,0.0,0.1,0.1,
26,1,Johnny Damon,0.0,0.1,0.1,
26,1,Kareem Abdul-Jabbar,0.12202380952380953,0.14077380952380952,0.01874999999999999,
26,1,Arike Ogunbowale,0.10773809523809524,0.12648809523809523,0.01874999999999999,
26,1,Jennie Finch Daigle,0.10297619047619049,0.12380952380952381,0.02083333333333333,
26,1,Chris Mazdzer,0.10297619047619049,0.12380952380952381,0.02083333333333333,
26,1,Mirai Nagasu,0.09345238095238097,0.12380952380952381,0.030357142857142846,
26,1,Tonya Harding,0.09345238095238097,0.12380952380952381,0.030357142857142846,
26,1,Josh Norman,0.08869047619047621,0.12380952380952381,0.035119047619047605,
26,1,Adam Rippon,0.08869047619047621,0.12380952380952381,0.035119047619047605,
26,2,Kareem Abdul-Jabbar,0.0,0.15000000000000002,0.15000000000000002,
26,2,Arike Ogunbowale,0.0,0.1,0.1,
26,2,Jennie Finch Daigle,0.14205607476635515,0.17289719626168223,0.030841121495327084,
26,2,Chris Mazdzer,0.13644859813084115,0.16728971962616823,0.030841121495327084,
26,2,Mirai Nagasu,0.12149532710280375,0.15981308411214953,0.03831775700934578,
26,2,Tonya Harding,0.13644859813084115,0.16728971962616823,0.030841121495327084,
26,2,Josh Norman,0.14205607476635515,0.17289719626168223,0.030841121495327084,
26,2,Adam Rippon,0.12149532710280375,0.15981308411214953,0.03831775700934578,
27,1,Juan Pablo Di Pace,,,,
27,1,Evanna Lynch,,,,
27,1,Nancy McKeon,,,,
27,1,John Schneider,,,,
27,1,Milo Manheim,,,,
27,1,Danelle Umstead,,,,
27,1,Mary Lou Retton,,,,
27,1,DeMarcus Ware,,,,
27,1,Nikki Glaser,0.0,0.085,0.085,0.004384112619406736
27,1,Bobby Bones,,,,
27,1,Tinashe,,,,
27,1,Alexis Ren,,,,
27,1,Joe Amabile,,,,
27,2,Juan Pablo Di Pace,,,,
27,2,Evanna Lynch,,,,
27,2,Nancy McKeon,,,,
27,2,John Schneider,,,,
27,2,Milo Manheim,,,,
27,2,Danelle Umstead,0.0,0.098,0.098,0.003507813812804569
27,2,Mary Lou Retton,,,,
27,2,DeMarcus Ware,,,,
27,2,Bobby Bones,,,,
27,2,Tinashe,,,,
27,2,Alexis Ren,,,,
27,2,Joe Amabile,,,,
27,3,Juan Pablo Di Pace,,,,
27,3,Evanna Lynch,,,,
27,3,Nancy McKeon,0.0,0.1,0.1,0.004478362965447834
27,3,John Schneider,,,,
27,3,Milo Manheim,,,,
27,3,Mary Lou Retton,,,,
27,3,DeMarcus Ware,,,,
27,3,Bobby Bones,,,,
27,3,Tinashe,,,,
27,3,Alexis Ren,,,,
27,3,Joe Amabile,,,,
27,4,Juan Pablo Di Pace,,,,
27,4,Evanna Lynch,,,,
27,4,John Schneider,,,,
27,4,Milo Manheim,,,,
27,4,Mary Lou Retton,,,,
27,4,DeMarcus Ware,,,,
27,4,Bobby Bones,,,,
27,4,Tinashe,0.0,0.08700000000000001,0.08700000000000001,0.0020000000000000052
27,4,Alexis Ren,,,,
27,4,Joe Amabile,,,,
27,6,Juan Pablo Di Pace,,,,
27,6,Evanna Lynch,,,,
27,6,John Schneider,,,,
27,6,Milo Manheim,,,,
27,6,Mary Lou Retton,0.0,0.117,0.117,0.005450024260067926
27,6,DeMarcus Ware,,,,
27,6,Bobby Bones,,,,
27,6,Alexis Ren,,,,
27,6,Joe Amabile,,,,
27,7,Juan Pablo Di Pace,0.13026819923371646,0.16360153256704982,0.033333333333333354,
27,7,Evanna Lynch,0.12337164750957852,0.16360153256704982,0.0402298850574713,
27,7,John Schneider,0.0,0.1,0.1,
27,7,Milo Manheim,0.12567049808429118,0.16360153256704982,0.03793103448275864,
27,7,DeMarcus Ware,0.0,0.1,0.1,
27,7,Bobby Bones,0.13716475095785438,0.16590038314176245,0.028735632183908066,
27,7,Alexis Ren,0.13256704980842912,0.16360153256704982,0.031034482758620696,
27,7,Joe Amabile,0.15095785440613024,0.1796934865900383,0.028735632183908066,
27,8,Juan Pablo Di Pace,0.0,0.15000000000000002,0.15000000000000002,
27,8,Evanna Lynch,0.1625776397515528,0.2375776397515528,0.07500000000000001,
27,8,Milo Manheim,0.17189440993788818,0.2468944099378882,0.07500000000000001,
27,8,Bobby Bones,0.2029503105590062,0.2779503105590062,0.07500000000000001,
27,8,Alexis Ren,0.1625776397515528,0.2375776397515528,0.07500000000000001,
27,8,Joe Amabile,0.0,0.2,0.2,
